{
  "version": 1,
  "tracks": [
    {
      "id": "python",
      "title": "Python Mastery",
      "xpPerLesson": 10,
      "modules": [
        {
          "id": "py-01",
          "title": "Foundations",
          "lessons": [
            {
              "id": "py-01-01",
              "title": "Hello, Pyramid",
              "xp": 10,
              "actions": [
                "run",
                "check"
              ]
            },
            {
              "id": "py-01-02",
              "title": "Python 3 Setup",
              "xp": 10,
              "actions": [
                "run",
                "check"
              ]
            },
            {
              "id": "py-01-03",
              "title": "Run Scripts & REPL",
              "xp": 10,
              "actions": [
                "run",
                "check"
              ]
            }
          ]
        },
        {
          "id": "py-02",
          "title": "Core Syntax",
          "lessons": [
            {
              "id": "py-02-01",
              "title": "Variables & Types",
              "xp": 10,
              "actions": [
                "run",
                "check"
              ]
            },
            {
              "id": "py-02-02",
              "title": "Control Flow",
              "xp": 10,
              "actions": [
                "run",
                "check"
              ]
            },
            {
              "id": "py-02-03",
              "title": "Functions",
              "xp": 10,
              "actions": [
                "run",
                "check"
              ]
            }
          ]
        }
      ]
    }
  ]
}
