{
  "tracks": [
    {
      "id": "python-beginner",
      "title": "Python — Initiate",
      "modules": [
        {
          "id": "py-01",
          "title": "Foundations",
          "lessons": [
            {
              "id": "py-01-01",
              "title": "Hello, Pyramid",
              "brief": "Your first Python output and run path sanity.",
              "xp": 10,
              "actions": ["run", "check"]
            },
            {
              "id": "py-01-02",
              "title": "Variables & Types",
              "brief": "Numbers, strings, and quick type checks.",
              "xp": 10,
              "actions": ["run", "check"]
            },
            {
              "id": "py-01-03",
              "title": "Input → Print",
              "brief": "Read input, format output cleanly.",
              "xp": 15,
              "actions": ["run", "check"]
            }
          ]
        }
      ]
    }
  ]
}
